,Diet,Creatinine,Glycine,Alanine,Serine,Histamine,Proline,Valine,Threonine,Taurine,Putrescine,trans-Hydroxyproline,Leucine,Isoleucine,Asparagine,Aspartic acid,Glutamine,Glutamic acid,Methionine,Histidine,alpha-Aminoadipic acid,Phenylalanine,Methionine-sulfoxide,Arginine,Acetyl-ornithine,Citrulline,Serotonin,Tyrosine,Asymmetric dimethylarginine,Total dimethylarginine,Tryptophan,Kynurenine,Carnosine,Ornithine,Lysine,Spermidine,Spermine,Sarcosine,Creatine,Betaine,Choline,Trimethylamine N-oxide,Methylhistidine,Lactic acid,beta-Hydroxybutyric acid,alpha-Ketoglutaric acid,Citric acid,Butyric acid,Isobutyric acid,Propionic acid,p-Hydroxyhippuric acid,Succinic acid,Fumaric acid,Pyruvic acid,Hippuric acid,Methylmalonic acid,Indole acetic acid,Uric acid,Acetic acid,Glucose,LYSOC14:0,LYSOC16:1,LYSOC16:0,LYSOC17:0,LYSOC18:2,LYSOC18:1,LYSOC18:0,LYSOC20:4,LYSOC20:3,LYSOC24:0,LYSOC26:1,LYSOC26:0,LYSOC28:1,LYSOC28:0,14:1SMOH,16:1SM,16:0SM,16:1SMOH,18:1SM,PC32:2AA,18:0SM,20:2SM,PC36:0AE,PC36:6AA,PC36:0AA,22:2SMOH,22:1SMOH,PC38:6AA,PC38:0AA,PC40:6AE,24:1SMOH,PC40:6AA,PC40:2AA,PC40:1AA,C0,C2,C3:1,C3,C4:1,C4,C3OH,C5:1,C5,C4OH,C6:1,C6,C5OH,C5:1DC,C5DC,C8,C5MDC,C9,C7DC,C10:2,C10:1,C10,C12:1,C12,C14:2,C14:1,C14,C12DC,C14:2OH,C14:1OH,C16:2,C16:1,C16,C16:2OH,C16:1OH,C16OH,C18:2,C18:1,C18,C18:1OH
636,Whey +Cellulose,59.7,300,331,262,0.448,143,165,334,374,1.87,29.2,122,71.2,53.3,16,844,196,60.4,69,1.87,85.7,2.02,215,0.104,51.7,10.9,105,0.278,1.2,78.8,3.24,0.186,63,449,6.63,0.817,1.15,72.1,70.1,16.5,0.92,22.6,2490,599,46.9,169,1.02,1.14,0.362,0.0397,11,14.7,106,0.325,0.398,0.281,52.1,44.2,6120.321646,2.162378798,0.963877421,84.4640684,1.504752277,16.64244562,15.46036611,108.9355402,25.68846115,2.47827643,0.128445429,0.022293547,0.037156087,0.030785824,0.048830858,0.357759616,1.960195328,24.23568779,0.290347576,0.779891666,0.822456907,2.787551841,0.155936712,0.210066074,0.068537408,2.198683395,0.685926905,2.009474238,12.10955113,0.449436003,0.408311736,2.056154458,12.87568184,0.195331244,0.135186274,31.20316044,23.16303447,0.013131969,0.56663643,0.021403847,0.369488226,0.02027661,0.021372341,0.246581427,0.089768104,0.030822692,0.13734788,0.074695289,0.017392926,0.017805772,0.031333527,0.022636653,0.017484121,0.014171973,0.036026003,0.062631841,0.059904179,0.069097597,0.033955619,0.017651002,0.080179177,0.067118064,0.009418602,0.010210674,0.015513292,0.014936383,0.053274716,0.243797615,0.007984549,0.01700188,0.01390384,0.066971144,0.381597221,0.134151889,0.017483104
634,Whey +Cellulose,21.4,208,284,173,0.236,120,164,266,188,1.09,23.1,106,65.4,45.9,9.74,658,85.8,42.1,47.8,1.33,57.1,4.73,103,0.0826,35.3,5.5,50.3,0.091,0.783,73.7,2.28,0.216,39.5,404,4.17,0.522,1.29,30.4,38.9,10.4,0.482,22.2,1850,1180,14.2,135,1.14,1.22,0.369,0.0125,4.1,8.6,81.9,0.107,0.23,0.186,35.1,47.8,5402.608066,2.412668072,0.876865768,81.4442137,1.242499935,19.72846565,13.95146227,94.05121099,20.62534136,1.91624594,0.113839094,0.017435266,0.024612604,0.030767412,0.062563981,0.343187922,1.943832549,22.66344544,0.282014768,0.899599628,0.988871072,2.964023691,0.145017763,0.207366735,0.053076546,2.057090139,0.763979939,2.212979679,10.97049565,0.467278035,0.391461798,1.642083283,11.66675016,0.222180391,0.147063398,22.5013995,25.26817378,0.01649881,0.584089947,0.022343985,0.320274955,0.021654872,0.028117355,0.279447113,0.095081567,0.026613767,0.161293611,0.074262826,0.018653688,0.015224174,0.027980191,0.023591569,0.01609384,0.011704173,0.037445014,0.047108278,0.066796479,0.057865097,0.026584142,0.015889289,0.060500795,0.04667524,0.004888986,0.011916957,0.014743652,0.01065585,0.050341036,0.190298355,0.008879654,0.019945069,0.013183209,0.060996444,0.313589773,0.132854845,0.01728103
637,Whey +Cellulose,31.3,216,279,188,0.14,111,151,225,135,0.911,25.3,101,60.3,40.1,7.53,580,97.3,50.6,51.9,1.76,62.9,1.86,143,0.0793,41.2,5.14,81.9,0.248,0.872,86.8,2.03,0.177,48.8,433,2.03,0.286,0.698,27.5,29.4,8.49,0.75,18.8,1710,506,21.7,113,1.46,1.17,0.356,0.0234,4.68,8.58,98.9,0.15,0.242,0.26,38.5,37.4,5341.049847,2.906118202,0.844641637,72.34051875,1.292023047,18.86653685,14.71992843,96.30309711,24.36271514,2.279450894,0.137837809,0.009281743,0.016706677,0.028772943,0.044550522,0.312204784,1.627437698,19.39136684,0.25299729,0.599116274,0.787398227,1.922431578,0.128958736,0.14087497,0.041260987,1.944158445,0.607196482,1.645885698,10.01620321,0.37972483,0.308052551,1.23477271,10.66564925,0.142273983,0.086794916,26.44766595,20.2405833,0.013584142,0.466451409,0.015608708,0.300913774,0.016894169,0.021992031,0.108015763,0.084271253,0.025884495,0.124071546,0.057414126,0.018092007,0.013568475,0.027891225,0.019348655,0.016919994,0.013652859,0.047178653,0.024379015,0.063575553,0.041543429,0.025526106,0.011527397,0.04947852,0.04154462,0.007111432,0.010854116,0.011378023,0.00929366,0.033483535,0.138217734,0.005009346,0.014566589,0.012918625,0.039810958,0.206240446,0.083378836,0.015423478
632,Whey +Cellulose,76.7,263,472,269,0.647,184,264,392,458,2.02,26.5,208,109,63,21.9,736,176,65,64,1.69,75.2,7.7,183,0.252,48,11,83.4,0.263,1.27,110,3.81,0.302,55.6,1340,5.75,0.876,0.932,73.7,41.3,16.9,1.29,22.2,2210,707,25.3,169,1.39,1.01,0.333,0.0882,8.75,10.9,86.5,1.04,0.489,0.806,50.4,39.2,6459.667014,2.276168777,1.707432685,107.3414696,1.932891098,38.73185306,26.40292045,140.4810328,40.28488925,3.412302329,0.16283183,0.034161806,0.039852894,0.037577817,0.068321631,0.506126015,2.138622742,26.53642908,0.308123409,0.737905892,1.244792002,2.65250891,0.254639995,0.32258895,0.092665677,3.64249165,0.78027064,2.310201969,18.27932641,0.600966997,0.502899429,1.530971743,15.50539867,0.397022774,0.228476443,35.48688886,24.7860897,0.01602291,0.720211893,0.017894813,0.415109483,0.022368272,0.029123619,0.334040288,0.092147559,0.03477279,0.154198789,0.086495579,0.022146247,0.017469871,0.035627808,0.026960661,0.014948123,0.012105155,0.044705957,0.052067508,0.071254386,0.058805359,0.029088955,0.016467329,0.078406854,0.053497299,0.008191495,0.014210427,0.014962783,0.01311351,0.054094492,0.205423483,0.010431244,0.018329613,0.011176571,0.056328473,0.38492058,0.154606415,0.019670654
580,Whey +Cellulose,20.2,226,292,205,0.15,139,181,289,148,0.65,20.6,131,81.2,38.6,4.8,618,91.3,49.7,54,1.39,61,6.44,98.6,0.133,40.7,5.65,41.9,0.198,0.824,90.7,1.96,0.139,46.6,336,1.64,0.281,0.73,32,37.1,8.74,0.488,16.8,1300,870,16.4,112,1.18,0.785,0.165,0.0139,3.33,9.32,48.9,0.188,0.159,0.171,20.2,36.6,6177.191502,1.904258739,1.211742489,85.21252316,1.565280348,28.81688925,18.89087477,107.9508233,27.74881541,2.292392756,0.117665153,0.024826955,0.029147369,0.028066595,0.043178923,0.343420655,1.787386439,20.47268244,0.2687755,0.663264906,0.92651607,2.316464787,0.150515443,0.214156603,0.059620916,2.299805214,0.608472981,1.816340044,10.8996974,0.403818359,0.33998831,1.2582972,10.44572079,0.216716994,0.132224892,32.59000185,27.98046275,0.013435474,0.628568418,0.025403055,0.493252839,0.020715702,0.027077344,0.2801821,0.089952107,0.039696385,0.157300036,0.071364473,0.023451217,0.019438581,0.032707582,0.021290207,0.022422288,0.015427633,0.04721059,0.087462871,0.086396906,0.067429604,0.031180097,0.021716217,0.067433173,0.046475299,0.007773418,0.016139887,0.014871558,0.012751821,0.044707855,0.168478531,0.008851286,0.019203765,0.013351993,0.047108503,0.249495982,0.097967227,0.020028213
585,whey+Inulin,25.3,190,282,190,0.206,112,187,293,167,0.845,16.6,126,77.3,38.4,11.8,660,122,48.9,49.9,1.65,58.1,4.54,117,0.0922,39.3,7.08,42.4,0.176,0.812,64,2.01,0.168,40.6,432,3.2,0.383,1.36,33.8,34.3,7.07,0.759,13.6,1220,1070,18.4,123,1.29,0.886,0.218,0.0188,8.44,11,58.5,0.238,0.323,0.315,24.1,62.1,4756.315627,1.916384294,0.968288049,68.95648363,1.12435484,24.87400505,16.11276844,76.95160069,17.93842324,1.888566752,0.123153891,0.027260455,0.043245226,0.026323638,0.058286637,0.352133615,1.525362727,18.87462596,0.290977395,0.702256687,0.867883475,2.509294878,0.125407367,0.202996516,0.04951122,2.015424431,0.631251353,1.865073806,7.20677778,0.399444985,0.250271287,1.503098063,7.313126626,0.231183242,0.122417954,22.71605453,27.10032782,0.014512743,0.502392713,0.018505068,0.28182055,0.024545169,0.027432738,0.217380112,0.089573376,0.029302682,0.130926426,0.073359478,0.022808034,0.016833677,0.030138786,0.020092209,0.016381366,0.011675798,0.032650734,0.090242566,0.065165976,0.080205297,0.028086534,0.013968747,0.064434786,0.048513481,0.008561178,0.01276721,0.013517448,0.009639121,0.042735394,0.202215835,0.005796732,0.01880587,0.011998196,0.050419534,0.312289593,0.152066993,0.018468711
571,whey+Inulin,156,307,395,327,0.352,170,199,405,462,3.67,18,131,87,55,12.3,540,164,49.9,53.5,1.1,58.5,6.23,194,0.217,35.8,9.72,57.8,0.181,1.65,74.8,2.9,0.0929,36.2,515,4.44,1.36,0.947,38.3,35.7,11,4.38,19.2,1370,775,53.9,200,1.83,0.805,0.413,0.221,12.5,17.8,78.9,3.7,0.519,0.751,41.1,40.1,4994.153048,1.785350823,0.885762103,63.91916711,1.082884155,27.62760619,15.30629869,77.25173997,21.52400536,2.402247435,0.106496559,0.018433115,0.024576638,0.024579183,0.068604034,0.3225371,1.490817957,17.69687023,0.230497713,0.53763607,0.840596799,1.944892165,0.105528277,0.211384192,0.048972165,2.00425823,0.509525204,1.33447497,8.833659528,0.369392412,0.256475141,1.37240088,7.624308037,0.257351612,0.130527243,25.38164936,21.51582605,0.018466167,0.573530595,0.019412944,0.291880142,0.022441965,0.019006534,0.246620272,0.095703465,0.033486401,0.141864993,0.076246997,0.020894253,0.014707748,0.031339979,0.023778893,0.013929274,0.092006411,0.03463853,0.086632576,0.068178898,0.080247348,0.026505218,0.014671745,0.042393273,0.04117801,0.007943947,0.008429891,0.008511754,0.008757064,0.032945353,0.163076409,0.005742175,0.016221049,0.008038552,0.041701953,0.278132517,0.125106573,0.015001245
569,whey+Inulin,56.9,315,285,268,0.236,119,123,318,245,1.93,22.1,79.4,51.3,45.4,10.9,809,160,51.4,54.9,1.39,69.9,2.33,194,0.0621,40.4,3.44,79.8,0.259,1.01,67.6,2.06,0.293,45.1,524,3.3,0.596,0.668,41.3,43,9.5,1.53,17.6,3940,526,39.6,205,2.17,1.19,0.607,0.0677,19,16.1,131,0.49,0.588,0.35,39.6,49.8,4345.585804,1.417393792,0.689102873,73.92149182,1.184780921,15.90811366,13.59066403,81.13099191,19.35729347,2.062076034,0.124822478,0.024757254,0.019600304,0.022694833,0.041260979,0.366762317,1.904156184,25.42300715,0.355238409,0.905569799,0.904010227,3.438329972,0.099877691,0.193615976,0.054426683,1.887791112,0.712492532,2.075407283,9.487545411,0.442191321,0.331735553,1.77518082,9.725603988,0.199148108,0.148289025,33.17385296,20.71011437,0.018624151,0.541932118,0.021484574,0.294060324,0.022800187,0.014386201,0.14768262,0.086766781,0.033942076,0.127452549,0.074400766,0.021276755,0.022667083,0.035043871,0.026560693,0.012608729,0.055071278,0.035253267,0.077525193,0.06563973,0.069991627,0.032606632,0.018873391,0.068748392,0.042245028,0.00618402,0.010279782,0.013492342,0.012585757,0.047782682,0.162889081,0.006292842,0.018805968,0.013463863,0.051662077,0.284433035,0.126080656,0.016683987
566,whey+Inulin,18.1,208,270,184,0.176,119,160,367,137,0.693,24.5,97.6,60.3,44.6,12.1,602,165,48.8,47.1,1.74,58.1,3.73,99.6,0.0971,40.5,5.9,58.4,0.219,0.683,86.8,2.32,0.0977,48.9,819,3.47,0.38,0.542,29.9,35.2,5.24,0.896,17.1,1330,780,18,112,1.71,0.945,0.426,0.0135,3.9,10.7,46,0.251,0.378,0.166,30.8,53.8,6014.73325,2.053421995,1.229004046,78.84981567,1.321072309,29.76443619,18.39827104,94.80349111,24.2656509,2.654249502,0.131503861,0.012138536,0.032369512,0.027310385,0.040462707,0.382142023,1.731903423,23.23158631,0.289695607,0.65476483,0.954096538,2.593347109,0.122080916,0.327303966,0.070882486,2.595964519,0.575471755,1.6068844,9.818153766,0.462164751,0.308525112,1.46144564,8.710759104,0.273788081,0.204144603,38.83534697,26.85591555,0.016139022,0.775157876,0.01749535,0.236720834,0.027303306,0.016643909,0.201803964,0.081347751,0.034537027,0.133255195,0.083635019,0.018662877,0.019848121,0.037029444,0.021625177,0.014515285,0.011257362,0.035993386,0.064940741,0.068727131,0.067302896,0.025314529,0.012413939,0.046490219,0.041703424,0.007464308,0.011602987,0.013955595,0.010852037,0.035496454,0.213960823,0.004970968,0.019043227,0.00994211,0.049989349,0.328013206,0.196177068,0.019604167
578,whey+Inulin,22.4,184,290,177,0.318,119,200,342,223,0.912,16.7,121,79.3,41.8,24.2,478,243,58.4,49.5,1.36,60.4,5.27,108,0.158,42.7,8.91,46.4,0.117,0.755,66.8,2.67,0.178,32.8,621,7.96,0.926,1.01,34.4,35.6,9.38,0.89,17.9,1500,767,20.8,143,1.79,1.13,0.479,0.0174,8.11,16.1,98.3,0.374,0.499,0.264,24.7,50.6,5159.040607,1.824896098,1.05324137,71.60336203,1.231973353,25.28887063,16.03219153,100.0507255,20.0476105,2.140680847,0.114360356,0.024986365,0.042283717,0.027867864,0.058623435,0.528721137,2.165673692,33.99765474,0.43063715,0.785455957,1.094224629,3.657833381,0.140484295,0.673293496,0.09938092,3.570159114,0.731920545,1.885098687,11.04980075,0.657318616,0.385624901,1.593376537,8.198683034,0.440541022,0.315178077,29.28698689,18.58222098,0.014471615,0.771529976,0.016130767,0.212408967,0.027064711,0.016645103,0.244569998,0.076035978,0.019670734,0.111789961,0.069417552,0.016507469,0.017937831,0.04549296,0.021057288,0.014558112,0.014037202,0.028986266,0.072182882,0.083447076,0.064314931,0.034456574,0.015746964,0.069927935,0.05074927,0.00717174,0.009666533,0.016915997,0.011118016,0.044469746,0.373942355,0.007891823,0.026215097,0.012421121,0.072330974,0.509755234,0.397618164,0.022097656
563,Egg+Cellulose,46.3,258,370,239,0.273,124,160,194,230,1.25,22.9,89.7,55.8,44.8,13.6,502,162,43.8,51.9,1.22,66.1,1.08,161,0.311,36.5,6.44,75.4,0.208,0.894,71.2,1.91,0.204,55.7,443,4.28,0.551,0.681,66.8,39.5,9.95,0.854,18.8,1950,499,32.5,135,1.6,1.59,0.559,0.043,6.93,13.4,86.8,0.553,1.12,0.328,35.1,46.7,5246.614256,2.297976514,1.838868574,82.07583487,1.47945293,27.43559691,23.33134484,77.85604892,30.69556396,2.713644407,0.111376239,0.024316892,0.024317375,0.027236186,0.060305883,0.251726825,1.240763898,16.75035052,0.184046558,0.431165496,0.83824539,1.441582699,0.220562817,0.194150831,0.072684096,1.833243494,0.535543782,1.476813714,12.12872019,0.357484641,0.301118739,1.072013047,8.420361579,0.207419679,0.129296445,30.39264606,17.88389357,0.020427507,0.475636149,0.019309844,0.230678064,0.023685716,0.018174244,0.158978014,0.077714216,0.037394694,0.156992549,0.064551605,0.018863613,0.017432769,0.030311073,0.023936128,0.017085204,0.017692053,0.034995439,0.049130454,0.070510091,0.055511083,0.023752358,0.015170895,0.058921568,0.041681071,0.006589433,0.009270821,0.01532349,0.011384856,0.045271048,0.158448951,0.006964866,0.014733234,0.011384757,0.046878117,0.28575876,0.10654672,0.017948038
639,Egg+Cellulose,35,406,434,292,0.558,136,158,218,401,2.13,34.4,106,61.6,59.5,15.3,741,125,52,60.3,1.17,78,1.26,187,0.225,43.6,2.15,101,0.346,1.17,78.4,3.14,0.778,77.2,863,7.32,0.934,1.61,140,80.6,18.3,0.616,22.3,4830,919,21.5,149,0.749,0.724,0.176,0.0393,8.5,10.2,144,0.569,0.497,0.19,55.6,38.9,5113.128584,2.869121533,0.949141253,91.9229137,1.517360229,19.51608007,16.99461409,101.5577218,28.86052271,2.37493658,0.167184693,0.029624519,0.03174326,0.027511562,0.049729951,0.301966968,1.875086671,24.32392237,0.298926977,0.758066061,0.812808071,2.42772991,0.117625225,0.192939299,0.054714943,1.909617042,0.643480021,1.893336795,12.51841117,0.460758766,0.43987589,1.424272235,12.80393011,0.205178351,0.120948425,40.36219148,25.82278322,0.023075139,0.571478125,0.012562748,0.28908302,0.027017698,0.026931798,0.217566902,0.10015604,0.0321928,0.182422311,0.058493207,0.020453497,0.01827855,0.036702299,0.024515734,0.018374821,0.013151959,0.040619157,0.095208915,0.08718337,0.087367959,0.041956617,0.024434199,0.107935468,0.060302638,0.011846777,0.016371606,0.017934301,0.019570682,0.059818179,0.19806795,0.008862132,0.02230302,0.020603667,0.070305855,0.406181606,0.13448364,0.029539351
568,Egg+Cellulose,25,293,318,247,0.26,110,170,185,165,1.03,24.7,99.5,63.4,50.6,13.2,513,129,43.2,52.7,1.5,59.9,1.13,155,0.415,36,5.87,74.8,0.22,0.821,69,1.53,0.191,57.1,569,4.8,0.736,0.914,76.1,31.3,7.32,0.696,18.1,1580,657,19.8,89.9,0.694,0.725,0.17,0.0226,4.24,13.7,92,0.206,0.704,0.159,21,39,4598.331101,1.781227517,0.98534162,62.59181012,1.269995308,21.20672511,15.91728095,80.22843906,25.18004159,2.039453133,0.119001715,0.029513839,0.026654891,0.027609057,0.047601822,0.256199274,1.260836899,16.59237957,0.220783731,0.522945593,0.691965242,1.866293172,0.120187388,0.189599201,0.052350389,2.031431805,0.508625073,1.385921978,9.03177868,0.363265182,0.306380993,1.11050028,8.821497425,0.175928502,0.120807629,23.82769028,18.05129285,0.01216058,0.444587186,0.020259934,0.208220075,0.024620613,0.021643564,0.167445147,0.085660817,0.038731024,0.144893577,0.068801633,0.02103714,0.01948282,0.026260005,0.025695468,0.017789559,0.012800952,0.035365828,0.059136056,0.073978816,0.060613261,0.026050541,0.016477912,0.059946619,0.040801751,0.008788017,0.011141815,0.015850034,0.012706934,0.048884237,0.164983935,0.008401989,0.018053846,0.015762115,0.057911247,0.308653011,0.12373827,0.023608902
572,Egg+Cellulose,34.2,257,333,256,0.276,129,238,195,186,1.1,25.6,151,89,53.1,8.31,522,139,51.9,56.6,1.65,72.1,1.59,173,0.237,46.6,6.15,79.3,0.413,0.854,106,3.07,0.183,56.5,344,5.06,0.507,0.974,78.4,33.3,8.5,0.75,16.2,1740,522,28.8,132,0.58,1.15,0.237,0.0357,4.56,12.3,88.6,0.621,1.05,0.327,39.4,50.2,5999.115357,3.595633339,1.523054694,79.12654263,1.77585649,29.05742179,22.43900905,101.0424743,33.02260266,2.936765488,0.15891407,0.018892763,0.016670426,0.02000407,0.040006482,0.294467472,1.406037241,17.4941735,0.218547162,0.53183352,0.746574086,1.680210437,0.17714046,0.19624122,0.066055909,2.558116367,0.530165206,1.596766606,12.64630304,0.408433811,0.376743703,1.063260823,11.23960492,0.213141052,0.125580296,27.96006167,24.85048014,0.023415104,0.703290884,0.02746901,0.40093036,0.027633332,0.02459092,0.177996452,0.06534267,0.0433287,0.153873941,0.071666897,0.02485119,0.019091233,0.029787957,0.023699346,0.013495385,0.131440893,0.040320641,0.13679057,0.07833702,0.099644228,0.026894827,0.014423413,0.067957029,0.034953544,0.008314122,0.011622887,0.011708107,0.008683384,0.035503132,0.14370232,0.007069636,0.015830133,0.012218603,0.037807302,0.24905755,0.113885268,0.012371988
586,Egg+Cellulose,30.5,252,410,247,0.222,143,293,207,182,1.39,24.7,149,87.9,61.8,11.2,571,127,60.6,57.8,1.27,71.3,1.7,150,0.178,51.2,5.62,84.4,0.465,0.873,99.6,3.11,0.292,57.5,320,3.04,0.348,1.46,95.3,32.7,8.92,0.717,16.5,2240,255,30.4,122,1.39,1.59,0.34,0.0166,5.6,10.6,86.5,0.328,2.41,0.341,42.9,50,5851.074608,2.264848959,1.771581971,87.48561427,1.937019764,35.41890249,25.0776943,104.2806108,37.23722831,3.219685941,0.142087937,0.036538015,0.036537259,0.028419858,0.068003506,0.28661834,1.287936204,15.69161517,0.182341155,0.501438566,0.895282393,1.595301128,0.234383381,0.21946973,0.077124834,2.442597053,0.545659459,1.467341248,14.83842144,0.381362024,0.39557748,1.016970255,11.67782929,0.242835263,0.131149023,31.31703629,16.05541587,0.025016126,0.839798101,0.0197188,0.386087862,0.029751784,0.022184234,0.245809852,0.065365821,0.026144379,0.123004407,0.061600306,0.0217732,0.016194393,0.024222399,0.019595217,0.012065816,0.011703022,0.029256101,0.082404607,0.065454599,0.078942595,0.027908726,0.014273764,0.059007618,0.03636126,0.009250223,0.009010722,0.011721806,0.008419327,0.037955297,0.130082282,0.006624736,0.011939259,0.00662501,0.040715801,0.229593945,0.086399185,0.013249917
562,Egg+Inulin,29.2,348,413,294,0.249,162,237,261,174,0.858,31.9,153,86.4,60.6,11.7,631,155,57.8,66.6,1.33,74.6,1.59,204,0.535,46.7,5.78,107,0.292,0.923,108,1.78,0.229,71.8,523,5.3,0.407,1.35,99.7,44.4,9.79,0.947,20.6,1700,902,20.6,114,1.29,1.39,0.375,0.0183,3.8,9.37,61.7,0.166,4.83,0.174,39,50.6,5573.024908,2.638526742,1.002938826,82.84381926,1.829368021,19.65272969,18.26067975,111.4076566,31.56793082,2.632465233,0.117312824,0.023045608,0.02356752,0.028280868,0.037707563,0.317231566,1.535909471,18.107225,0.2507851,0.693613807,0.84317557,2.230131009,0.165705072,0.175891108,0.05459999,2.260752565,0.607312478,1.827210577,11.6450817,0.414628282,0.400152867,1.135632105,12.47895538,0.190730194,0.113230587,35.08559243,29.86167009,0.019254035,1.00602821,0.024843659,0.425896301,0.026815924,0.015385755,0.170142609,0.084168903,0.034164751,0.155099957,0.069912429,0.021248823,0.018351917,0.033115774,0.023594547,0.013062331,0.01067084,0.021939462,0.073218043,0.060711235,0.075984389,0.033061684,0.013421277,0.074715353,0.038298939,0.009001859,0.013093564,0.013339115,0.009205835,0.040932345,0.160044753,0.005240364,0.019120303,0.010905775,0.047233742,0.30004808,0.101834348,0.01657122
565,Egg+Inulin,34.4,360,306,268,0.435,110,164,196,321,1.11,24.8,91.1,59.8,50.2,11.5,619,124,40.1,57.5,1.2,68.3,1.29,164,0.811,34.6,11.2,60.4,0.205,0.858,76,1.97,0.198,43.9,480,5.59,0.626,1.38,77.1,34.8,13.3,0.82,18.8,1640,1100,19.5,130,1.32,0.896,0.329,0.0385,5.06,12.8,64.2,0.403,2.75,0.247,28.9,51.6,4915.560865,2.226742997,0.848162282,64.89518069,1.236968188,20.62756712,13.66967441,87.9598748,22.19937528,2.105677702,0.150116069,0.026018733,0.035026652,0.034025855,0.055042343,0.368842434,1.609770387,22.22939402,0.313284687,0.826284241,0.902522277,2.913039416,0.11994498,0.236158766,0.050582988,1.903387925,0.667865039,1.871267304,8.417390258,0.430861206,0.330028077,1.074435425,8.459288112,0.240056239,0.129357969,22.59138794,28.1345805,0.022593488,0.687496508,0.011338823,0.279811386,0.028312032,0.020878786,0.187901589,0.102668582,0.030347777,0.19629673,0.074042517,0.017467582,0.018854716,0.038124726,0.022182364,0.020333104,0.011553457,0.031053449,0.087802074,0.077219088,0.073424691,0.037825748,0.021534401,0.078909204,0.061107767,0.00588044,0.00945617,0.016608579,0.010427776,0.053054609,0.233431432,0.008313673,0.021983045,0.012541424,0.06954261,0.418873502,0.166984877,0.022828525
577,Egg+Inulin,39,283,327,273,0.456,113,253,232,237,1.34,17.1,135,89,54.6,24.8,487,196,56.3,55.8,1.43,78.4,1.55,179,0.322,43.2,10.4,90,0.0716,0.798,66.8,2.64,0.125,62.4,452,6.54,0.658,1.66,97,31.1,13.7,1.08,20.4,1450,861,23.4,211,2.24,1.37,0.458,0.0443,7.94,17.4,44.8,0.598,2.49,0.113,37,56.6,5533.965213,1.959778175,1.35407756,77.74014542,2.029822805,23.49178041,19.36845576,115.9190963,28.01279858,2.483743055,0.148420089,0.026129915,0.033446177,0.036582608,0.073166775,0.491455798,1.975755127,29.55245355,0.365045272,0.806878352,1.061460605,3.099676467,0.253629155,0.5909017,0.11557519,4.059817329,0.76209831,1.727808871,14.71702327,0.611449044,0.491289248,1.263891806,11.81516302,0.407542748,0.258669097,28.52876532,22.35531017,0.023856783,0.779921034,0.018060329,0.202330448,0.030393368,0.017189624,0.227120703,0.073057209,0.027503889,0.116677699,0.071767873,0.019358259,0.016227759,0.035586442,0.015657734,0.013285946,0.01461447,0.035158977,0.064019796,0.06889597,0.069259132,0.03672833,0.017314495,0.063224691,0.050894945,0.008569779,0.007783015,0.011718398,0.010180478,0.039568171,0.290768835,0.007076369,0.023683045,0.011986292,0.053721554,0.471574661,0.332867061,0.015451822
591,Egg+Inulin,30.7,429,371,346,0.394,145,208,218,263,3.68,26.1,160,94.9,60.7,29.9,819,164,59.8,70.7,1.71,94.9,2.08,250,2.17,61.8,11.6,98.2,0.415,1.31,93.4,3.65,0.137,71.2,542,7.52,0.798,1.62,175,54.8,12.8,1.61,20.3,1740,1220,18,183,2.46,1.01,0.366,0.0167,38.4,11.2,84,0.129,0.799,0.692,49.2,56.6,4962.761335,2.670022371,0.647818876,66.61305107,1.266646486,13.84716189,10.94302739,93.51649881,19.80586258,1.756125859,0.144474782,0.02796306,0.010357204,0.039355161,0.035213,0.28903478,1.744768622,23.00310393,0.297231967,0.730013612,0.8106036,2.373554699,0.098685452,0.162409322,0.056051643,1.811462826,0.643606057,1.922254477,11.43129875,0.539323454,0.50878221,1.610188377,13.80306804,0.19267859,0.148214104,24.26712258,31.07460068,0.030410046,0.543691128,0.020867328,0.29486625,0.029033386,0.025362717,0.173091485,0.115469404,0.034483573,0.159521163,0.076975954,0.019181468,0.018018684,0.038509043,0.025284932,0.01569427,0.015887538,0.029209077,0.07526267,0.07120373,0.082669734,0.038192227,0.01765923,0.075153517,0.073264288,0.008213738,0.017083766,0.015112894,0.0122724,0.039920283,0.221676729,0.0071236,0.024403216,0.013894488,0.056424539,0.346301423,0.168637774,0.026378333
560_576,Egg+Inulin,32.5,280,271,247,0.448,107,212,195,280,1.58,17.8,107,74,50.8,21.8,561,194,52.7,55.5,1.29,76.4,1.83,159,0.401,36.2,7.52,88.2,0.411,0.714,74.8,2.38,0.245,48.8,309,9.09,0.842,1.69,101,30.8,10.6,0.817,18.3,2060,780,26.8,152,5.66,1.18,0.82,0.0365,14.2,17.2,163,0.458,1.19,0.249,32.9,48.6,3956.653615,1.128220955,0.737786683,54.01082661,0.9432118,14.75583598,10.4260517,66.80449376,17.54461309,1.474370127,0.115178024,0.025393405,0.02358025,0.021765067,0.049881471,0.267228136,1.403503277,19.57132602,0.215387337,0.640224365,0.760455085,2.550779971,0.101584173,0.215173373,0.061933444,1.791623465,0.487151856,1.362302892,8.886002355,0.398904174,0.26258567,1.022816025,8.4004028,0.214773843,0.141266306,19.72805423,15.9577137,0.013789872,0.649936284,0.015309225,0.212508501,0.024605743,0.022970363,0.239033303,0.082999515,0.030338716,0.137173684,0.055693895,0.022055209,0.020559347,0.034989555,0.023689791,0.017427865,0.012980021,0.038802597,0.070763865,0.080463478,0.065390556,0.033228814,0.014938099,0.06135147,0.043365828,0.009298159,0.008764528,0.013717582,0.012175009,0.04307751,0.198404508,0.00769262,0.021004409,0.010769469,0.051574484,0.355734078,0.151778522,0.018061043
589,Control,50.8,226,503,265,0.0583,159,281,221,199,1.91,23,163,112,59.5,7.03,659,156,72.4,58.5,1.29,82.2,2.29,143,0.135,60.1,1.91,109,0.201,1.01,102,3.17,0.226,85.6,283,4.01,0.548,1.22,91,40.2,42.5,0.737,24.6,1940,495,47.8,203,1.97,0.834,0.428,0.0576,5.14,11.5,148,0.961,0.381,0.324,30.6,45.9,5926.515701,1.778613633,1.961829038,96.11511648,1.595926866,36.88601981,24.34227316,81.62809549,37.17295995,3.063123323,0.145923615,0.033507249,0.038912086,0.047559127,0.059448909,0.290628357,1.497087457,16.20126772,0.164799046,0.494816993,1.351573609,1.582915374,0.381636832,0.247244322,0.122441226,2.171265107,0.676411099,1.743779005,20.36920537,0.395276613,0.425791696,0.671640815,13.80948763,0.32362449,0.151473097,31.8139883,27.46646218,0.022991245,1.011059651,0.020760989,0.851039124,0.033216482,0.019776451,0.372066675,0.074735395,0.031963948,0.140729857,0.296872386,0.02045713,0.017710284,0.03084019,0.029770257,0.017811384,0.130788327,0.026412373,0.067557472,0.072517821,0.068136105,0.029213719,0.016922852,0.076062171,0.045423937,0.006947224,0.011311738,0.015141268,0.010228509,0.040150434,0.160602987,0.007709539,0.016640111,0.011450036,0.041982212,0.228919294,0.085491398,0.016945597
575,Control,26.5,230,422,198,0.0892,126,183,192,134,1.18,27.5,101,63.1,49.9,9.17,696,149,44.8,54.5,1.3,68.5,1.13,125,0.145,54.7,4.23,71.9,0.213,0.898,65.3,2.36,0.226,67.5,302,4.15,0.35,0.864,80.6,37.7,6.1,0.491,24.1,1210,883,20.6,150,1.31,0.809,0.0276,0.0315,3.76,6.86,131,0.397,0.401,0.122,13.7,62.6,6416.966274,1.442340995,1.371531429,91.91459111,1.9078247,27.30646334,20.22284954,95.64481068,32.72652292,3.117229508,0.124965639,0.032283774,0.039572556,0.039573332,0.074980574,0.39495398,1.550513161,19.25198101,0.224694602,0.565400198,1.149243529,1.783912491,0.344464333,0.227043664,0.111481316,2.04978749,0.804355036,2.096512322,17.90456109,0.437578812,0.464740466,0.554319682,13.58238965,0.316863916,0.138461891,27.40566838,29.74606638,0.016914379,0.993786891,0.01876323,0.504785726,0.032525807,0.022749713,0.203844795,0.059289599,0.029186406,0.150296333,0.264284974,0.020087255,0.016873001,0.023033621,0.02263322,0.016784881,0.012320707,0.027454467,0.079230913,0.062941574,0.081847573,0.030494853,0.014733601,0.079151475,0.033237098,0.008137677,0.010450412,0.01199259,0.008337019,0.046008716,0.159797742,0.006638985,0.016056362,0.008954926,0.044079724,0.262006027,0.095105122,0.016056477
582,Control,28,289,400,238,0.145,149,183,213,158,1.46,31.2,113,64,52.7,6.51,732,134,48.1,64.1,1.11,73.8,1.33,149,0.124,56.2,5.65,70.5,0.257,1.04,68.2,2.05,0.185,67.6,468,4.03,0.412,0.976,131,45.9,8.17,0.44,20.8,1280,987,25.8,156,1.27,0.827,0.2,0.0093,4.1,5.24,103,0.247,0.412,0.298,25,50.2,6636.805685,2.44808484,1.719116137,95.259352,2.012731896,26.49414579,21.72900695,91.34678134,33.06849716,3.322257665,0.127422292,0.038756926,0.052029762,0.041409435,0.054151347,0.392446397,1.673964619,21.14324052,0.235590859,0.624258782,1.114384441,1.854081008,0.321075143,0.218964296,0.101504017,1.997678627,0.897618178,2.384513497,15.14658047,0.435570014,0.45351332,0.758056824,12.50897635,0.309416688,0.145733673,34.72798805,30.68461853,0.020683717,0.715553828,0.020823755,0.558644604,0.022154842,0.017992515,0.266692289,0.08290034,0.033250761,0.181404233,0.2464235,0.019797311,0.018923476,0.034062069,0.026493243,0.014071464,0.015332368,0.028748372,0.09702225,0.082681838,0.074923871,0.028707499,0.016732449,0.08800836,0.048638548,0.007053528,0.012548827,0.013205359,0.01239822,0.055186589,0.174937939,0.007483893,0.018295231,0.011339822,0.054507468,0.290453294,0.08588158,0.01678222
583_581,Control,31.2,279,436,238,0.209,146,211,232,165,1.14,29.3,130,78.5,57.6,10.7,709,148,51.9,57.9,1.18,78,1.52,150,0.244,62.8,3.26,85.2,0.119,0.957,81.6,2.3,0.206,84.3,375,6.05,0.619,0.89,101,48.8,8.25,0.622,23.9,1500,878,20.4,145,4.86,0.878,0.388,0.0241,3.67,7.31,70.7,0.237,0.247,0.207,20.6,48.1,6262.140234,1.726335532,1.609849984,94.23966789,1.726344178,27.26875612,21.23264344,90.16338138,32.14156277,3.144851501,0.143907166,0.029520735,0.035845073,0.042169148,0.066417724,0.304508405,1.381530797,17.81301013,0.204186188,0.585902305,0.973070239,1.765413779,0.257113566,0.176824015,0.085236015,1.822430126,0.700047035,1.958753177,12.97263219,0.38788695,0.340590056,0.75316561,10.29795291,0.204618852,0.116999977,29.73694442,33.54106818,0.015369932,0.832998901,0.01542848,0.591542264,0.02501885,0.023612151,0.280253774,0.060907304,0.024715109,0.185696641,0.244727238,0.01808564,0.01462799,0.029523143,0.023936717,0.018971908,0.012766179,0.027527519,0.075002583,0.074337953,0.072658649,0.033664279,0.017125702,0.071693299,0.04214324,0.009234284,0.009234701,0.013935838,0.010198952,0.048132474,0.187689182,0.007483746,0.014821398,0.011739791,0.052534868,0.291878892,0.100667633,0.019810939
567,Control,28.8,230,448,260,0.0401,173,251,242,130,0.964,30.3,168,100,64.8,6.54,786,170,67.4,58.3,1.22,90.5,1.82,145,0.385,67,1.7,104,0.257,0.967,94.9,2.73,0.19,112,330,3.24,0.31,1.21,88.4,51.2,7,0.616,22.4,1810,992,20.7,165,1.59,0.923,0.289,0.0147,2.48,9.17,74.3,0.178,0.362,0.257,24.8,52.9,6943.797295,1.957505912,1.704192457,102.5489172,1.631890695,26.09427567,22.65444814,83.80456413,30.95029029,2.622293009,0.120855953,0.036422981,0.024834599,0.029248816,0.054635294,0.270164636,1.255030915,17.28675686,0.177604528,0.570176521,1.064242403,1.863433785,0.299156908,0.203789952,0.090388425,1.866244871,0.641912006,1.716125557,15.27603914,0.366750624,0.356727802,0.642546568,11.48920227,0.261139593,0.124726025,32.57706339,39.70012071,0.018555728,0.972726515,0.026708106,0.89179539,0.029675043,0.023447014,0.350578632,0.086436842,0.038389841,0.190345201,0.295397506,0.021828157,0.016790639,0.035565483,0.025034036,0.017706572,0.039076623,0.039763162,0.112256933,0.069299176,0.084152898,0.034385467,0.01758,0.087901969,0.049121588,0.006549068,0.013874554,0.016114843,0.013248805,0.04574272,0.185338398,0.008586021,0.018060542,0.01228684,0.052552221,0.288963491,0.085342388,0.017172337
